,Customer_ID,Purchase_Date,Product,Category,Sales_Amount,Region
0,CUST0164,2024-01-01,Phone,Electronics,598.34,East
1,CUST0029,2024-01-02,Tablet,Accessories,564.21,South
2,CUST0007,2024-01-03,Laptop,Accessories,1084.47,North
3,CUST0190,2024-01-04,Smartwatch,Electronics,353.05,West
4,CUST0071,2024-01-05,Phone,Accessories,925.5,West
5,CUST0063,2024-01-06,Tablet,Accessories,1490.19,West
6,CUST0058,2024-01-07,Laptop,Electronics,1536.52,East
7,CUST0036,2024-01-08,Laptop,Electronics,1108.46,West
8,CUST0189,2024-01-09,Smartwatch,Electronics,244.16,West
9,CUST0027,2024-01-10,Tablet,Accessories,246.13,West
10,CUST0174,2024-01-11,Phone,Electronics,1554.72,South
11,CUST0190,2024-01-12,Headphones,Accessories,1650.1,North
12,CUST0140,2024-01-13,Laptop,Electronics,746.39,South
13,CUST0023,2024-01-14,Laptop,Electronics,1648.77,North
14,CUST0152,2024-01-15,Smartwatch,Electronics,102.39,South
15,CUST0109,2024-01-16,Tablet,Electronics,1443.58,North
16,CUST0009,2024-01-17,Headphones,Accessories,1101.78,West
17,CUST0008,2024-01-18,Headphones,Accessories,1979.76,West
18,CUST0024,2024-01-19,Headphones,Accessories,222.78,West
19,CUST0056,2024-01-20,Tablet,Accessories,1663.54,South
20,CUST0060,2024-01-21,Phone,Accessories,1507.66,West
21,CUST0130,2024-01-22,Laptop,Electronics,609.46,East
22,CUST0155,2024-01-23,Tablet,Electronics,1998.64,North
23,CUST0007,2024-01-24,Headphones,Accessories,910.47,South
24,CUST0144,2024-01-25,Laptop,Accessories,710.18,West
25,CUST0051,2024-01-26,Laptop,Electronics,1637.12,West
26,CUST0184,2024-01-27,Headphones,Accessories,889.36,North
27,CUST0167,2024-01-28,Headphones,Accessories,1988.04,West
28,CUST0180,2024-01-29,Laptop,Electronics,1555.75,West
29,CUST0140,2024-01-30,Smartwatch,Accessories,489.15,North
30,CUST0108,2024-01-31,Laptop,Accessories,1625.19,North
31,CUST0057,2024-02-01,Phone,Accessories,1184.09,East
32,CUST0115,2024-02-02,Phone,Accessories,714.25,East
33,CUST0151,2024-02-03,Smartwatch,Accessories,1427.29,North
34,CUST0072,2024-02-04,Tablet,Accessories,1272.89,South
35,CUST0002,2024-02-05,Laptop,Electronics,348.64,East
36,CUST0195,2024-02-06,Phone,Accessories,295.69,North
37,CUST0041,2024-02-07,Laptop,Accessories,429.11,West
38,CUST0179,2024-02-08,Smartwatch,Accessories,429.75,South
39,CUST0109,2024-02-09,Headphones,Accessories,137.53,West
40,CUST0088,2024-02-10,Smartwatch,Electronics,714.61,East
41,CUST0072,2024-02-11,Smartwatch,Accessories,576.55,West
42,CUST0040,2024-02-12,Smartwatch,Electronics,1086.76,South
43,CUST0056,2024-02-13,Phone,Accessories,660.83,North
44,CUST0196,2024-02-14,Smartwatch,Electronics,1414.03,North
45,CUST0087,2024-02-15,Headphones,Accessories,592.88,South
46,CUST0027,2024-02-16,Headphones,Accessories,549.34,West
47,CUST0024,2024-02-17,Headphones,Electronics,1718.87,West
48,CUST0098,2024-02-18,Tablet,Electronics,1971.27,South
49,CUST0025,2024-02-19,Smartwatch,Accessories,1365.01,North
50,CUST0092,2024-02-20,Headphones,Accessories,208.55,West
51,CUST0089,2024-02-21,Tablet,Accessories,1926.29,East
52,CUST0155,2024-02-22,Smartwatch,Accessories,1575.67,South
53,CUST0068,2024-02-23,Smartwatch,Accessories,1839.16,East
54,CUST0012,2024-02-24,Laptop,Electronics,1985.12,East
55,CUST0187,2024-02-25,Smartwatch,Accessories,1736.75,North
56,CUST0118,2024-02-26,Laptop,Accessories,271.24,South
57,CUST0138,2024-02-27,Phone,Accessories,1734.84,West
58,CUST0032,2024-02-28,Phone,Electronics,514.36,West
59,CUST0097,2024-02-29,Tablet,Accessories,1428.56,South
60,CUST0021,2024-03-01,Laptop,Accessories,1660.39,North
61,CUST0142,2024-03-02,Phone,Accessories,1527.72,West
62,CUST0076,2024-03-03,Phone,Electronics,1358.94,West
63,CUST0161,2024-03-04,Phone,Electronics,989.13,West
64,CUST0159,2024-03-05,Smartwatch,Accessories,1163.3,North
65,CUST0093,2024-03-06,Laptop,Accessories,552.06,West
66,CUST0148,2024-03-07,Phone,Electronics,840.17,West
67,CUST0050,2024-03-08,Laptop,Electronics,914.94,East
68,CUST0181,2024-03-09,Headphones,Electronics,1274.58,North
69,CUST0018,2024-03-10,Headphones,Accessories,1762.65,West
70,CUST0012,2024-03-11,Smartwatch,Electronics,204.33,North
71,CUST0170,2024-03-12,Headphones,Electronics,1040.91,North
72,CUST0059,2024-03-13,Tablet,Electronics,570.89,West
73,CUST0198,2024-03-14,Laptop,Electronics,1873.95,West
74,CUST0075,2024-03-15,Phone,Accessories,750.76,North
75,CUST0021,2024-03-16,Tablet,Accessories,1901.5,North
76,CUST0060,2024-03-17,Tablet,Accessories,668.03,North
77,CUST0026,2024-03-18,Headphones,Electronics,24.9,East
78,CUST0098,2024-03-19,Laptop,Electronics,1552.79,South
79,CUST0072,2024-03-20,Phone,Accessories,1470.79,West
80,CUST0117,2024-03-21,Tablet,Accessories,1467.25,East
81,CUST0163,2024-03-22,Smartwatch,Accessories,927.73,East
82,CUST0094,2024-03-23,Phone,Accessories,1335.0,North
83,CUST0042,2024-03-24,Headphones,Electronics,729.28,South
84,CUST0095,2024-03-25,Laptop,Electronics,145.39,West
85,CUST0091,2024-03-26,Smartwatch,Accessories,1078.16,East
86,CUST0054,2024-03-27,Phone,Accessories,451.3,West
87,CUST0172,2024-03-28,Phone,Accessories,870.69,East
88,CUST0069,2024-03-29,Tablet,Accessories,439.47,West
89,CUST0180,2024-03-30,Phone,Electronics,551.7,North
90,CUST0175,2024-03-31,Laptop,Electronics,1660.12,North
91,CUST0166,2024-04-01,Laptop,Electronics,688.76,South
92,CUST0019,2024-04-02,Phone,Electronics,1164.31,North
93,CUST0156,2024-04-03,Tablet,Accessories,1140.96,East
94,CUST0163,2024-04-04,Smartwatch,Accessories,980.97,East
95,CUST0044,2024-04-05,Smartwatch,Electronics,700.6,East
96,CUST0137,2024-04-06,Tablet,Accessories,1371.45,East
97,CUST0187,2024-04-07,Headphones,Accessories,115.85,North
98,CUST0063,2024-04-08,Laptop,Accessories,217.16,North
99,CUST0042,2024-04-09,Headphones,Electronics,1572.1,South
100,CUST0119,2024-04-10,Tablet,Accessories,929.97,West
101,CUST0098,2024-04-11,Headphones,Accessories,265.99,South
102,CUST0070,2024-04-12,Tablet,Electronics,1718.15,West
103,CUST0164,2024-04-13,Smartwatch,Electronics,893.75,North
104,CUST0177,2024-04-14,Smartwatch,Electronics,21.34,East
105,CUST0143,2024-04-15,Headphones,Electronics,1916.9,South
106,CUST0057,2024-04-16,Headphones,Accessories,420.59,South
107,CUST0176,2024-04-17,Laptop,Electronics,1383.41,North
108,CUST0084,2024-04-18,Smartwatch,Accessories,281.19,West
109,CUST0197,2024-04-19,Laptop,Electronics,1306.99,South
110,CUST0199,2024-04-20,Headphones,Accessories,334.78,West
111,CUST0015,2024-04-21,Tablet,Accessories,1866.8,South
112,CUST0059,2024-04-22,Smartwatch,Electronics,562.56,East
113,CUST0009,2024-04-23,Tablet,Accessories,1316.08,North
114,CUST0081,2024-04-24,Laptop,Accessories,515.77,West
115,CUST0103,2024-04-25,Laptop,Electronics,756.25,North
116,CUST0069,2024-04-26,Phone,Electronics,1809.52,North
117,CUST0017,2024-04-27,Smartwatch,Accessories,347.74,West
118,CUST0055,2024-04-28,Smartwatch,Electronics,804.76,West
119,CUST0146,2024-04-29,Laptop,Electronics,624.91,South
120,CUST0184,2024-04-30,Tablet,Electronics,1404.89,West
121,CUST0081,2024-05-01,Smartwatch,Electronics,483.6,North
122,CUST0055,2024-05-02,Laptop,Electronics,1317.86,North
123,CUST0168,2024-05-03,Phone,Accessories,1413.32,West
124,CUST0128,2024-05-04,Headphones,Electronics,22.15,West
125,CUST0102,2024-05-05,Smartwatch,Accessories,964.08,South
126,CUST0165,2024-05-06,Headphones,Accessories,282.75,South
127,CUST0118,2024-05-07,Tablet,Accessories,467.86,South
128,CUST0037,2024-05-08,Phone,Electronics,1366.37,North
129,CUST0068,2024-05-09,Smartwatch,Electronics,38.39,West
130,CUST0036,2024-05-10,Headphones,Electronics,1397.28,East
131,CUST0064,2024-05-11,Headphones,Accessories,1637.88,West
132,CUST0191,2024-05-12,Laptop,Accessories,1976.55,West
133,CUST0144,2024-05-13,Headphones,Accessories,856.18,South
134,CUST0138,2024-05-14,Tablet,Accessories,281.71,East
135,CUST0068,2024-05-15,Headphones,Accessories,160.24,West
136,CUST0192,2024-05-16,Tablet,Electronics,778.48,East
137,CUST0150,2024-05-17,Tablet,Electronics,1466.91,East
138,CUST0110,2024-05-18,Laptop,Accessories,222.81,West
139,CUST0150,2024-05-19,Phone,Electronics,640.44,South
140,CUST0103,2024-05-20,Tablet,Accessories,1764.36,South
141,CUST0093,2024-05-21,Headphones,Accessories,291.52,West
142,CUST0057,2024-05-22,Headphones,Accessories,1551.45,East
143,CUST0036,2024-05-23,Tablet,Electronics,1511.25,East
144,CUST0131,2024-05-24,Headphones,Electronics,283.63,South
145,CUST0127,2024-05-25,Smartwatch,Electronics,1986.02,South
146,CUST0024,2024-05-26,Laptop,Accessories,302.85,South
147,CUST0194,2024-05-27,Headphones,Electronics,1070.41,East
148,CUST0013,2024-05-28,Laptop,Electronics,36.78,East
149,CUST0029,2024-05-29,Tablet,Electronics,1307.04,South
150,CUST0040,2024-05-30,Tablet,Accessories,891.4,South
151,CUST0161,2024-05-31,Tablet,Electronics,1450.42,East
152,CUST0041,2024-06-01,Laptop,Electronics,1263.6,North
153,CUST0175,2024-06-02,Headphones,Accessories,319.72,East
154,CUST0109,2024-06-03,Smartwatch,Electronics,835.19,West
155,CUST0153,2024-06-04,Laptop,Accessories,1379.4,West
156,CUST0017,2024-06-05,Smartwatch,Accessories,1722.73,East
157,CUST0099,2024-06-06,Headphones,Electronics,191.64,West
158,CUST0098,2024-06-07,Headphones,Accessories,218.92,North
159,CUST0153,2024-06-08,Laptop,Electronics,1509.84,North
160,CUST0120,2024-06-09,Phone,Accessories,1187.36,North
161,CUST0136,2024-06-10,Smartwatch,Electronics,780.38,West
162,CUST0065,2024-06-11,Tablet,Accessories,1927.23,South
163,CUST0142,2024-06-12,Smartwatch,Electronics,642.72,North
164,CUST0003,2024-06-13,Headphones,Electronics,296.86,North
165,CUST0175,2024-06-14,Headphones,Electronics,568.4,South
166,CUST0185,2024-06-15,Laptop,Electronics,186.81,East
167,CUST0030,2024-06-16,Phone,Accessories,1115.73,South
168,CUST0175,2024-06-17,Tablet,Electronics,1208.02,East
169,CUST0138,2024-06-18,Smartwatch,Electronics,1223.03,East
170,CUST0193,2024-06-19,Phone,Electronics,1562.36,South
171,CUST0069,2024-06-20,Tablet,Electronics,1387.14,North
172,CUST0197,2024-06-21,Headphones,Accessories,1698.83,East
173,CUST0165,2024-06-22,Headphones,Electronics,1323.64,South
174,CUST0088,2024-06-23,Laptop,Accessories,617.27,North
175,CUST0029,2024-06-24,Laptop,Electronics,1045.14,East
176,CUST0076,2024-06-25,Smartwatch,Accessories,1028.85,West
177,CUST0112,2024-06-26,Phone,Accessories,1500.73,North
178,CUST0041,2024-06-27,Phone,Accessories,605.17,South
179,CUST0117,2024-06-28,Tablet,Accessories,128.05,West
180,CUST0001,2024-06-29,Smartwatch,Electronics,1797.87,South
181,CUST0185,2024-06-30,Laptop,Accessories,1910.25,East
182,CUST0185,2024-07-01,Smartwatch,Accessories,999.88,North
183,CUST0068,2024-07-02,Headphones,Accessories,243.23,West
184,CUST0129,2024-07-03,Laptop,Electronics,1009.17,West
185,CUST0196,2024-07-04,Phone,Electronics,1195.98,West
186,CUST0046,2024-07-05,Laptop,Electronics,1066.01,East
187,CUST0130,2024-07-06,Headphones,Accessories,1955.84,North
188,CUST0028,2024-07-07,Laptop,Accessories,1974.03,North
189,CUST0161,2024-07-08,Phone,Accessories,1869.17,East
190,CUST0077,2024-07-09,Headphones,Accessories,281.33,South
191,CUST0164,2024-07-10,Tablet,Electronics,1724.41,West
192,CUST0130,2024-07-11,Smartwatch,Accessories,1145.39,South
193,CUST0156,2024-07-12,Tablet,Electronics,743.52,East
194,CUST0051,2024-07-13,Headphones,Accessories,1372.23,South
195,CUST0040,2024-07-14,Headphones,Accessories,1530.2,South
196,CUST0096,2024-07-15,Headphones,Accessories,1909.82,East
197,CUST0196,2024-07-16,Phone,Accessories,1545.33,West
198,CUST0042,2024-07-17,Headphones,Electronics,53.05,South
199,CUST0139,2024-07-18,Smartwatch,Accessories,153.71,North
200,CUST0200,2024-07-19,Phone,Electronics,539.13,South
201,CUST0136,2024-07-20,Headphones,Accessories,98.86,South
202,CUST0001,2024-07-21,Phone,Electronics,139.73,North
203,CUST0154,2024-07-22,Smartwatch,Accessories,1582.79,West
204,CUST0083,2024-07-23,Smartwatch,Electronics,1023.09,North
205,CUST0126,2024-07-24,Phone,Accessories,1264.57,West
206,CUST0005,2024-07-25,Laptop,Accessories,1012.08,East
207,CUST0029,2024-07-26,Tablet,Electronics,842.56,East
208,CUST0093,2024-07-27,Headphones,Electronics,1409.59,South
209,CUST0079,2024-07-28,Tablet,Electronics,183.21,South
210,CUST0062,2024-07-29,Smartwatch,Electronics,1082.4,East
211,CUST0015,2024-07-30,Tablet,Accessories,1239.77,North
212,CUST0062,2024-07-31,Laptop,Accessories,569.39,East
213,CUST0146,2024-08-01,Tablet,Accessories,633.62,West
214,CUST0021,2024-08-02,Tablet,Electronics,1032.38,South
215,CUST0022,2024-08-03,Smartwatch,Electronics,422.33,North
216,CUST0188,2024-08-04,Smartwatch,Accessories,1619.96,South
217,CUST0125,2024-08-05,Headphones,Accessories,1082.05,East
218,CUST0018,2024-08-06,Phone,Electronics,793.65,North
219,CUST0195,2024-08-07,Headphones,Electronics,1275.9,East
220,CUST0137,2024-08-08,Smartwatch,Accessories,1672.36,West
221,CUST0197,2024-08-09,Headphones,Accessories,1368.49,East
222,CUST0033,2024-08-10,Tablet,Accessories,150.91,North
223,CUST0033,2024-08-11,Tablet,Accessories,1403.38,East
224,CUST0169,2024-08-12,Smartwatch,Accessories,1465.32,South
225,CUST0122,2024-08-13,Smartwatch,Electronics,1696.01,South
226,CUST0141,2024-08-14,Headphones,Electronics,134.65,North
227,CUST0043,2024-08-15,Headphones,Accessories,190.7,South
228,CUST0068,2024-08-16,Tablet,Accessories,880.28,West
229,CUST0136,2024-08-17,Phone,Electronics,917.68,West
230,CUST0156,2024-08-18,Phone,Electronics,1225.49,North
231,CUST0109,2024-08-19,Smartwatch,Accessories,632.39,East
232,CUST0055,2024-08-20,Headphones,Electronics,1488.55,South
233,CUST0139,2024-08-21,Phone,Electronics,1486.5,South
234,CUST0194,2024-08-22,Headphones,Accessories,256.5,East
235,CUST0187,2024-08-23,Laptop,Accessories,1421.64,East
236,CUST0177,2024-08-24,Tablet,Accessories,1408.97,East
237,CUST0052,2024-08-25,Headphones,Accessories,344.39,East
238,CUST0183,2024-08-26,Headphones,Electronics,1906.97,South
239,CUST0080,2024-08-27,Headphones,Electronics,1055.55,West
240,CUST0103,2024-08-28,Phone,Accessories,1570.31,North
241,CUST0172,2024-08-29,Headphones,Electronics,1447.12,North
242,CUST0167,2024-08-30,Laptop,Accessories,350.59,East
243,CUST0096,2024-08-31,Phone,Accessories,271.32,West
244,CUST0113,2024-09-01,Smartwatch,Accessories,1566.63,South
245,CUST0133,2024-09-02,Smartwatch,Accessories,552.15,South
246,CUST0116,2024-09-03,Tablet,Electronics,1775.1,North
247,CUST0031,2024-09-04,Laptop,Accessories,1547.43,East
248,CUST0064,2024-09-05,Headphones,Electronics,78.13,West
249,CUST0058,2024-09-06,Laptop,Electronics,1618.07,North
250,CUST0017,2024-09-07,Smartwatch,Accessories,558.52,West
251,CUST0087,2024-09-08,Headphones,Accessories,146.47,East
252,CUST0006,2024-09-09,Laptop,Electronics,1430.4,East
253,CUST0151,2024-09-10,Phone,Accessories,1161.77,North
254,CUST0142,2024-09-11,Headphones,Accessories,172.6,East
255,CUST0059,2024-09-12,Phone,Accessories,921.29,West
256,CUST0151,2024-09-13,Laptop,Electronics,733.05,West
257,CUST0057,2024-09-14,Headphones,Electronics,1009.23,North
258,CUST0002,2024-09-15,Tablet,Electronics,1142.43,East
259,CUST0019,2024-09-16,Tablet,Accessories,748.02,South
260,CUST0182,2024-09-17,Smartwatch,Accessories,525.13,East
261,CUST0162,2024-09-18,Headphones,Accessories,223.75,North
262,CUST0016,2024-09-19,Laptop,Accessories,1156.35,North
263,CUST0059,2024-09-20,Tablet,Electronics,1451.1,South
264,CUST0018,2024-09-21,Smartwatch,Electronics,472.24,North
265,CUST0009,2024-09-22,Headphones,Accessories,1027.47,North
266,CUST0085,2024-09-23,Tablet,Electronics,107.2,South
267,CUST0019,2024-09-24,Headphones,Electronics,1728.6,South
268,CUST0132,2024-09-25,Smartwatch,Electronics,504.21,West
269,CUST0061,2024-09-26,Laptop,Electronics,954.09,North
270,CUST0072,2024-09-27,Smartwatch,Accessories,778.3,South
271,CUST0172,2024-09-28,Laptop,Accessories,317.17,West
272,CUST0125,2024-09-29,Phone,Accessories,1863.7,North
273,CUST0055,2024-09-30,Tablet,Electronics,1717.82,South
274,CUST0139,2024-10-01,Phone,Electronics,1114.67,North
275,CUST0034,2024-10-02,Laptop,Accessories,1829.62,West
276,CUST0186,2024-10-03,Headphones,Accessories,1486.52,East
277,CUST0147,2024-10-04,Laptop,Electronics,850.35,North
278,CUST0148,2024-10-05,Laptop,Accessories,657.17,North
279,CUST0122,2024-10-06,Headphones,Accessories,844.19,North
280,CUST0063,2024-10-07,Phone,Accessories,1446.17,North
281,CUST0122,2024-10-08,Tablet,Accessories,557.09,South
282,CUST0105,2024-10-09,Laptop,Accessories,174.22,East
283,CUST0049,2024-10-10,Laptop,Accessories,758.16,North
284,CUST0025,2024-10-11,Tablet,Electronics,1014.04,South
285,CUST0025,2024-10-12,Laptop,Accessories,1805.84,East
286,CUST0169,2024-10-13,Tablet,Accessories,375.1,West
287,CUST0111,2024-10-14,Tablet,Electronics,1612.59,West
288,CUST0091,2024-10-15,Tablet,Accessories,1963.2,West
289,CUST0109,2024-10-16,Headphones,Accessories,1909.08,West
290,CUST0106,2024-10-17,Phone,Electronics,156.47,West
291,CUST0120,2024-10-18,Phone,Accessories,940.89,East
292,CUST0187,2024-10-19,Smartwatch,Accessories,578.97,North
293,CUST0014,2024-10-20,Headphones,Electronics,1692.8,West
294,CUST0173,2024-10-21,Smartwatch,Electronics,668.06,North
295,CUST0168,2024-10-22,Phone,Accessories,1115.12,North
296,CUST0166,2024-10-23,Phone,Electronics,35.78,North
297,CUST0026,2024-10-24,Phone,Accessories,417.33,North
298,CUST0016,2024-10-25,Laptop,Electronics,1136.34,North
299,CUST0104,2024-10-26,Smartwatch,Electronics,621.74,East
300,CUST0187,2024-10-27,Headphones,Electronics,1252.98,North
301,CUST0087,2024-10-28,Smartwatch,Electronics,938.57,East
302,CUST0028,2024-10-29,Phone,Electronics,1191.55,East
303,CUST0064,2024-10-30,Headphones,Electronics,996.85,North
304,CUST0050,2024-10-31,Smartwatch,Accessories,1549.77,East
305,CUST0049,2024-11-01,Phone,Accessories,406.94,West
306,CUST0138,2024-11-02,Phone,Accessories,1802.88,West
307,CUST0115,2024-11-03,Headphones,Electronics,1525.75,West
308,CUST0036,2024-11-04,Tablet,Accessories,505.35,North
309,CUST0109,2024-11-05,Headphones,Electronics,32.63,West
310,CUST0047,2024-11-06,Tablet,Accessories,831.87,South
311,CUST0072,2024-11-07,Laptop,Accessories,481.34,South
312,CUST0119,2024-11-08,Headphones,Electronics,705.92,South
313,CUST0064,2024-11-09,Tablet,Electronics,1682.36,West
314,CUST0020,2024-11-10,Smartwatch,Electronics,1756.85,East
315,CUST0114,2024-11-11,Phone,Accessories,1902.96,South
316,CUST0141,2024-11-12,Laptop,Accessories,22.89,East
317,CUST0026,2024-11-13,Headphones,Accessories,1321.46,East
318,CUST0013,2024-11-14,Tablet,Accessories,1701.03,North
319,CUST0167,2024-11-15,Smartwatch,Electronics,1459.89,South
320,CUST0139,2024-11-16,Tablet,Accessories,225.82,North
321,CUST0004,2024-11-17,Headphones,Accessories,1069.03,North
322,CUST0024,2024-11-18,Tablet,Accessories,491.57,North
323,CUST0193,2024-11-19,Headphones,Accessories,994.22,West
324,CUST0061,2024-11-20,Tablet,Accessories,138.59,North
325,CUST0043,2024-11-21,Phone,Electronics,1993.98,East
326,CUST0105,2024-11-22,Headphones,Electronics,1429.07,South
327,CUST0125,2024-11-23,Headphones,Accessories,204.19,East
328,CUST0124,2024-11-24,Laptop,Accessories,1844.12,South
329,CUST0055,2024-11-25,Phone,Electronics,1796.63,West
330,CUST0103,2024-11-26,Headphones,Accessories,1049.12,South
331,CUST0016,2024-11-27,Smartwatch,Accessories,1407.68,South
332,CUST0043,2024-11-28,Tablet,Electronics,757.53,South
333,CUST0098,2024-11-29,Smartwatch,Accessories,1949.62,South
334,CUST0001,2024-11-30,Tablet,Accessories,188.11,East
335,CUST0100,2024-12-01,Tablet,Accessories,209.24,South
336,CUST0068,2024-12-02,Laptop,Accessories,284.36,North
337,CUST0117,2024-12-03,Headphones,Accessories,1643.53,South
338,CUST0074,2024-12-04,Tablet,Accessories,168.16,North
339,CUST0109,2024-12-05,Laptop,Electronics,1144.29,West
340,CUST0179,2024-12-06,Smartwatch,Accessories,881.27,North
341,CUST0188,2024-12-07,Laptop,Accessories,1929.15,East
342,CUST0143,2024-12-08,Smartwatch,Accessories,488.81,North
343,CUST0170,2024-12-09,Headphones,Electronics,536.76,East
344,CUST0184,2024-12-10,Tablet,Accessories,643.72,North
345,CUST0125,2024-12-11,Phone,Electronics,1605.62,South
346,CUST0040,2024-12-12,Smartwatch,Accessories,1407.44,West
347,CUST0049,2024-12-13,Tablet,Electronics,1476.0,East
348,CUST0076,2024-12-14,Phone,Accessories,649.75,East
349,CUST0056,2024-12-15,Phone,Accessories,558.47,South
350,CUST0015,2024-12-16,Smartwatch,Accessories,167.88,South
351,CUST0149,2024-12-17,Tablet,Accessories,421.37,North
352,CUST0189,2024-12-18,Phone,Electronics,1564.28,East
353,CUST0139,2024-12-19,Laptop,Electronics,1177.72,North
354,CUST0016,2024-12-20,Laptop,Accessories,327.71,South
355,CUST0192,2024-12-21,Tablet,Accessories,345.46,East
356,CUST0081,2024-12-22,Headphones,Electronics,942.79,West
357,CUST0015,2024-12-23,Laptop,Electronics,824.89,West
358,CUST0013,2024-12-24,Smartwatch,Electronics,1081.13,East
359,CUST0150,2024-12-25,Tablet,Electronics,1929.98,East
360,CUST0123,2024-12-26,Phone,Electronics,431.12,South
361,CUST0129,2024-12-27,Laptop,Electronics,630.45,East
362,CUST0136,2024-12-28,Tablet,Electronics,544.72,East
363,CUST0041,2024-12-29,Tablet,Electronics,257.43,West
364,CUST0015,2024-12-30,Headphones,Electronics,332.08,South
365,CUST0131,2024-12-31,Phone,Accessories,1378.39,North
366,CUST0021,2025-01-01,Phone,Accessories,1656.25,East
367,CUST0048,2025-01-02,Phone,Accessories,1399.82,South
368,CUST0018,2025-01-03,Smartwatch,Electronics,99.85,South
369,CUST0153,2025-01-04,Tablet,Electronics,1675.13,West
370,CUST0018,2025-01-05,Smartwatch,Electronics,669.03,East
371,CUST0173,2025-01-06,Smartwatch,Electronics,200.6,East
372,CUST0061,2025-01-07,Tablet,Accessories,511.47,South
373,CUST0104,2025-01-08,Phone,Accessories,724.37,East
374,CUST0031,2025-01-09,Tablet,Accessories,1036.65,West
375,CUST0146,2025-01-10,Headphones,Electronics,1360.82,West
376,CUST0064,2025-01-11,Tablet,Accessories,535.13,West
377,CUST0149,2025-01-12,Tablet,Accessories,1981.54,East
378,CUST0153,2025-01-13,Laptop,Accessories,81.54,East
379,CUST0011,2025-01-14,Headphones,Electronics,820.7,West
380,CUST0159,2025-01-15,Laptop,Electronics,915.36,North
381,CUST0021,2025-01-16,Phone,Electronics,1501.2,South
382,CUST0108,2025-01-17,Phone,Electronics,514.71,North
383,CUST0169,2025-01-18,Headphones,Electronics,934.85,East
384,CUST0150,2025-01-19,Smartwatch,Accessories,1611.72,South
385,CUST0145,2025-01-20,Tablet,Electronics,296.79,South
386,CUST0134,2025-01-21,Laptop,Electronics,43.67,East
387,CUST0081,2025-01-22,Headphones,Accessories,1664.14,North
388,CUST0067,2025-01-23,Laptop,Accessories,1965.48,North
389,CUST0053,2025-01-24,Tablet,Electronics,278.82,North
390,CUST0172,2025-01-25,Smartwatch,Accessories,1650.87,North
391,CUST0184,2025-01-26,Laptop,Electronics,757.03,West
392,CUST0081,2025-01-27,Headphones,Electronics,1267.99,South
393,CUST0062,2025-01-28,Tablet,Accessories,1296.48,North
394,CUST0068,2025-01-29,Tablet,Electronics,1173.0,East
395,CUST0102,2025-01-30,Smartwatch,Accessories,532.46,West
396,CUST0034,2025-01-31,Headphones,Accessories,1629.24,South
397,CUST0172,2025-02-01,Tablet,Accessories,63.16,East
398,CUST0166,2025-02-02,Laptop,Accessories,147.65,West
399,CUST0077,2025-02-03,Phone,Electronics,1806.94,South
400,CUST0118,2025-02-04,Headphones,Accessories,897.99,East
401,CUST0081,2025-02-05,Laptop,Accessories,275.01,South
402,CUST0193,2025-02-06,Smartwatch,Electronics,1812.05,West
403,CUST0019,2025-02-07,Smartwatch,Electronics,1662.13,North
404,CUST0003,2025-02-08,Tablet,Accessories,676.47,West
405,CUST0118,2025-02-09,Smartwatch,Electronics,104.54,East
406,CUST0160,2025-02-10,Phone,Accessories,932.77,North
407,CUST0145,2025-02-11,Laptop,Accessories,352.62,South
408,CUST0026,2025-02-12,Headphones,Electronics,1156.29,South
409,CUST0019,2025-02-13,Tablet,Electronics,1646.94,South
410,CUST0138,2025-02-14,Headphones,Accessories,802.1,West
411,CUST0055,2025-02-15,Laptop,Accessories,78.37,South
412,CUST0130,2025-02-16,Phone,Electronics,1372.76,South
413,CUST0068,2025-02-17,Laptop,Electronics,362.16,South
414,CUST0034,2025-02-18,Laptop,Accessories,445.14,West
415,CUST0090,2025-02-19,Tablet,Accessories,390.56,East
416,CUST0018,2025-02-20,Headphones,Accessories,574.11,North
417,CUST0063,2025-02-21,Laptop,Electronics,1769.18,South
418,CUST0095,2025-02-22,Laptop,Accessories,88.61,West
419,CUST0073,2025-02-23,Phone,Electronics,1245.97,South
420,CUST0041,2025-02-24,Smartwatch,Electronics,506.65,North
421,CUST0113,2025-02-25,Phone,Electronics,604.31,East
422,CUST0140,2025-02-26,Headphones,Accessories,835.74,East
423,CUST0181,2025-02-27,Headphones,Accessories,1110.36,South
424,CUST0078,2025-02-28,Tablet,Electronics,140.74,North
425,CUST0157,2025-03-01,Smartwatch,Electronics,573.96,South
426,CUST0168,2025-03-02,Headphones,Accessories,291.73,East
427,CUST0136,2025-03-03,Smartwatch,Accessories,414.93,West
428,CUST0003,2025-03-04,Phone,Electronics,1771.61,West
429,CUST0171,2025-03-05,Headphones,Accessories,1061.11,West
430,CUST0142,2025-03-06,Laptop,Accessories,1268.89,North
431,CUST0077,2025-03-07,Headphones,Accessories,1608.29,North
432,CUST0170,2025-03-08,Smartwatch,Accessories,1593.8,East
433,CUST0027,2025-03-09,Headphones,Electronics,1979.02,North
434,CUST0035,2025-03-10,Tablet,Accessories,1568.19,East
435,CUST0068,2025-03-11,Laptop,Accessories,731.04,East
436,CUST0030,2025-03-12,Tablet,Electronics,1098.15,South
437,CUST0028,2025-03-13,Phone,Electronics,979.67,West
438,CUST0191,2025-03-14,Headphones,Electronics,1827.1,West
439,CUST0142,2025-03-15,Headphones,Accessories,1014.74,East
440,CUST0040,2025-03-16,Phone,Accessories,788.99,North
441,CUST0070,2025-03-17,Tablet,Electronics,376.04,East
442,CUST0073,2025-03-18,Laptop,Accessories,651.38,West
443,CUST0155,2025-03-19,Tablet,Accessories,453.66,South
444,CUST0054,2025-03-20,Smartwatch,Electronics,1793.61,West
445,CUST0184,2025-03-21,Tablet,Accessories,1561.51,East
446,CUST0088,2025-03-22,Laptop,Accessories,136.01,East
447,CUST0053,2025-03-23,Headphones,Electronics,1983.23,West
448,CUST0176,2025-03-24,Tablet,Electronics,1068.28,West
449,CUST0163,2025-03-25,Phone,Electronics,1538.35,North
450,CUST0068,2025-03-26,Laptop,Accessories,1999.22,South
451,CUST0130,2025-03-27,Headphones,Electronics,1948.48,West
452,CUST0126,2025-03-28,Laptop,Accessories,218.27,South
453,CUST0065,2025-03-29,Phone,Accessories,1320.59,South
454,CUST0014,2025-03-30,Smartwatch,Accessories,547.72,North
455,CUST0024,2025-03-31,Laptop,Accessories,1636.24,East
456,CUST0163,2025-04-01,Laptop,Electronics,1836.17,South
457,CUST0109,2025-04-02,Tablet,Electronics,130.7,South
458,CUST0071,2025-04-03,Phone,Electronics,1992.86,South
459,CUST0012,2025-04-04,Phone,Accessories,454.43,South
460,CUST0001,2025-04-05,Smartwatch,Accessories,1696.08,East
461,CUST0086,2025-04-06,Phone,Electronics,1598.83,North
462,CUST0198,2025-04-07,Laptop,Electronics,722.51,South
463,CUST0034,2025-04-08,Smartwatch,Electronics,1681.66,West
464,CUST0164,2025-04-09,Phone,Electronics,1693.54,East
465,CUST0068,2025-04-10,Smartwatch,Electronics,368.68,North
466,CUST0042,2025-04-11,Phone,Electronics,1193.19,West
467,CUST0190,2025-04-12,Phone,Accessories,1616.3,West
468,CUST0114,2025-04-13,Tablet,Accessories,1401.3,West
469,CUST0142,2025-04-14,Phone,Electronics,1829.68,South
470,CUST0181,2025-04-15,Smartwatch,Electronics,75.85,South
471,CUST0110,2025-04-16,Laptop,Accessories,1407.11,West
472,CUST0144,2025-04-17,Tablet,Electronics,1896.17,North
473,CUST0003,2025-04-18,Phone,Accessories,1135.94,South
474,CUST0029,2025-04-19,Phone,Electronics,1134.96,North
475,CUST0020,2025-04-20,Smartwatch,Accessories,392.7,South
476,CUST0177,2025-04-21,Tablet,Electronics,1976.25,South
477,CUST0039,2025-04-22,Phone,Accessories,1765.62,South
478,CUST0140,2025-04-23,Laptop,Accessories,994.61,North
479,CUST0010,2025-04-24,Laptop,Electronics,631.93,South
480,CUST0095,2025-04-25,Phone,Accessories,991.06,North
481,CUST0150,2025-04-26,Laptop,Accessories,198.71,South
482,CUST0142,2025-04-27,Tablet,Electronics,480.59,East
483,CUST0038,2025-04-28,Phone,Accessories,453.24,South
484,CUST0111,2025-04-29,Smartwatch,Accessories,1062.37,West
485,CUST0033,2025-04-30,Tablet,Electronics,21.35,North
486,CUST0011,2025-05-01,Laptop,Electronics,1837.43,East
487,CUST0079,2025-05-02,Phone,Electronics,418.9,North
488,CUST0094,2025-05-03,Tablet,Electronics,278.37,South
489,CUST0011,2025-05-04,Laptop,Accessories,1439.54,West
490,CUST0092,2025-05-05,Phone,Accessories,1839.19,West
491,CUST0054,2025-05-06,Headphones,Electronics,1691.68,West
492,CUST0175,2025-05-07,Smartwatch,Electronics,660.71,South
493,CUST0064,2025-05-08,Laptop,Electronics,63.39,South
494,CUST0171,2025-05-09,Laptop,Accessories,1181.49,West
495,CUST0027,2025-05-10,Headphones,Electronics,1836.1,South
496,CUST0091,2025-05-11,Headphones,Accessories,1553.25,South
497,CUST0200,2025-05-12,Tablet,Accessories,1696.03,East
498,CUST0144,2025-05-13,Smartwatch,Electronics,1724.13,South
499,CUST0105,2025-05-14,Smartwatch,Electronics,1921.91,East
500,CUST0159,2025-05-15,Laptop,Accessories,759.71,West
501,CUST0192,2025-05-16,Headphones,Accessories,1885.01,North
502,CUST0040,2025-05-17,Smartwatch,Accessories,803.28,South
503,CUST0061,2025-05-18,Phone,Accessories,220.04,West
504,CUST0042,2025-05-19,Smartwatch,Accessories,617.5,West
505,CUST0046,2025-05-20,Laptop,Accessories,290.17,South
506,CUST0106,2025-05-21,Smartwatch,Electronics,331.86,North
507,CUST0007,2025-05-22,Tablet,Electronics,1898.41,North
508,CUST0046,2025-05-23,Headphones,Accessories,1587.85,South
509,CUST0189,2025-05-24,Laptop,Electronics,1922.11,West
510,CUST0086,2025-05-25,Laptop,Electronics,1305.38,South
511,CUST0106,2025-05-26,Headphones,Accessories,364.92,North
512,CUST0172,2025-05-27,Headphones,Electronics,1938.11,South
513,CUST0189,2025-05-28,Headphones,Electronics,1393.25,West
514,CUST0064,2025-05-29,Laptop,Electronics,1859.11,North
515,CUST0069,2025-05-30,Headphones,Electronics,1578.24,North
516,CUST0041,2025-05-31,Headphones,Accessories,462.01,North
517,CUST0180,2025-06-01,Laptop,Accessories,1186.12,West
518,CUST0028,2025-06-02,Laptop,Accessories,367.2,South
519,CUST0098,2025-06-03,Tablet,Accessories,627.51,North
520,CUST0010,2025-06-04,Smartwatch,Electronics,1383.23,West
521,CUST0121,2025-06-05,Phone,Electronics,272.15,West
522,CUST0057,2025-06-06,Laptop,Accessories,1463.09,East
523,CUST0052,2025-06-07,Phone,Accessories,1898.6,North
524,CUST0118,2025-06-08,Tablet,Electronics,1898.42,West
525,CUST0090,2025-06-09,Smartwatch,Accessories,795.37,South
526,CUST0079,2025-06-10,Smartwatch,Electronics,1988.68,West
527,CUST0059,2025-06-11,Smartwatch,Electronics,1931.06,West
528,CUST0058,2025-06-12,Tablet,Electronics,84.12,East
529,CUST0007,2025-06-13,Headphones,Accessories,1212.73,North
530,CUST0169,2025-06-14,Smartwatch,Electronics,1843.66,West
531,CUST0050,2025-06-15,Smartwatch,Electronics,1935.71,South
532,CUST0103,2025-06-16,Tablet,Electronics,457.37,East
533,CUST0085,2025-06-17,Headphones,Electronics,1139.79,West
534,CUST0072,2025-06-18,Smartwatch,Electronics,1874.64,South
535,CUST0018,2025-06-19,Smartwatch,Electronics,298.47,North
536,CUST0198,2025-06-20,Headphones,Accessories,1495.78,East
537,CUST0072,2025-06-21,Laptop,Electronics,491.23,West
538,CUST0090,2025-06-22,Laptop,Electronics,1965.11,East
539,CUST0165,2025-06-23,Smartwatch,Electronics,352.42,South
540,CUST0131,2025-06-24,Phone,Accessories,1772.93,North
541,CUST0103,2025-06-25,Headphones,Accessories,195.68,North
542,CUST0174,2025-06-26,Headphones,Electronics,1423.75,North
543,CUST0138,2025-06-27,Phone,Electronics,1285.42,North
544,CUST0085,2025-06-28,Headphones,Electronics,1775.57,West
545,CUST0008,2025-06-29,Tablet,Electronics,904.33,South
546,CUST0030,2025-06-30,Headphones,Accessories,545.12,East
547,CUST0067,2025-07-01,Headphones,Electronics,514.09,West
548,CUST0046,2025-07-02,Headphones,Accessories,154.23,East
549,CUST0149,2025-07-03,Laptop,Accessories,528.18,North
550,CUST0068,2025-07-04,Tablet,Electronics,233.91,South
551,CUST0010,2025-07-05,Headphones,Accessories,22.54,West
552,CUST0028,2025-07-06,Tablet,Electronics,784.16,East
553,CUST0153,2025-07-07,Tablet,Electronics,1470.52,East
554,CUST0112,2025-07-08,Tablet,Accessories,1938.82,West
555,CUST0089,2025-07-09,Phone,Accessories,1771.41,East
556,CUST0187,2025-07-10,Headphones,Accessories,996.3,East
557,CUST0081,2025-07-11,Laptop,Electronics,769.85,West
558,CUST0112,2025-07-12,Laptop,Electronics,1101.13,South
559,CUST0156,2025-07-13,Laptop,Accessories,220.83,West
560,CUST0131,2025-07-14,Laptop,Accessories,969.39,West
561,CUST0030,2025-07-15,Headphones,Electronics,1730.82,South
562,CUST0099,2025-07-16,Laptop,Accessories,1308.92,East
563,CUST0148,2025-07-17,Tablet,Accessories,1380.58,West
564,CUST0049,2025-07-18,Phone,Accessories,342.06,East
565,CUST0066,2025-07-19,Smartwatch,Accessories,165.94,East
566,CUST0012,2025-07-20,Laptop,Accessories,1694.61,East
567,CUST0182,2025-07-21,Smartwatch,Electronics,603.92,West
568,CUST0112,2025-07-22,Smartwatch,Accessories,651.06,South
569,CUST0001,2025-07-23,Smartwatch,Accessories,1904.29,North
570,CUST0134,2025-07-24,Tablet,Electronics,166.92,South
571,CUST0138,2025-07-25,Laptop,Accessories,356.81,West
572,CUST0176,2025-07-26,Headphones,Electronics,763.41,South
573,CUST0185,2025-07-27,Tablet,Electronics,1469.33,North
574,CUST0190,2025-07-28,Headphones,Accessories,1103.15,South
575,CUST0189,2025-07-29,Laptop,Electronics,1798.29,West
576,CUST0172,2025-07-30,Tablet,Accessories,204.35,East
577,CUST0051,2025-07-31,Smartwatch,Electronics,1196.18,North
578,CUST0094,2025-08-01,Tablet,Accessories,1235.02,South
579,CUST0111,2025-08-02,Tablet,Accessories,975.82,West
580,CUST0018,2025-08-03,Laptop,Electronics,81.37,North
581,CUST0171,2025-08-04,Smartwatch,Accessories,1886.04,North
582,CUST0085,2025-08-05,Smartwatch,Electronics,346.69,South
583,CUST0160,2025-08-06,Phone,Accessories,1781.71,West
584,CUST0081,2025-08-07,Phone,Electronics,331.07,West
585,CUST0170,2025-08-08,Headphones,Accessories,220.49,North
586,CUST0032,2025-08-09,Phone,Electronics,426.99,North
587,CUST0185,2025-08-10,Laptop,Accessories,396.17,East
588,CUST0077,2025-08-11,Tablet,Accessories,1400.45,South
589,CUST0130,2025-08-12,Smartwatch,Electronics,1449.64,East
590,CUST0080,2025-08-13,Tablet,Electronics,1465.35,North
591,CUST0171,2025-08-14,Laptop,Electronics,545.22,North
592,CUST0105,2025-08-15,Tablet,Accessories,577.42,West
593,CUST0084,2025-08-16,Smartwatch,Accessories,490.35,West
594,CUST0104,2025-08-17,Phone,Electronics,118.28,East
595,CUST0179,2025-08-18,Headphones,Electronics,1152.1,North
596,CUST0076,2025-08-19,Smartwatch,Electronics,1682.91,South
597,CUST0142,2025-08-20,Smartwatch,Electronics,324.11,West
598,CUST0033,2025-08-21,Smartwatch,Accessories,734.44,West
599,CUST0050,2025-08-22,Smartwatch,Electronics,866.66,North
600,CUST0108,2025-08-23,Laptop,Accessories,603.21,South
601,CUST0171,2025-08-24,Smartwatch,Accessories,1330.8,East
602,CUST0098,2025-08-25,Tablet,Electronics,1208.43,South
603,CUST0174,2025-08-26,Laptop,Electronics,415.36,North
604,CUST0192,2025-08-27,Phone,Electronics,70.96,South
605,CUST0045,2025-08-28,Tablet,Electronics,358.25,South
606,CUST0158,2025-08-29,Tablet,Accessories,597.79,North
607,CUST0146,2025-08-30,Tablet,Electronics,182.23,East
608,CUST0078,2025-08-31,Tablet,Electronics,1690.66,South
609,CUST0104,2025-09-01,Laptop,Accessories,630.54,North
610,CUST0141,2025-09-02,Phone,Electronics,806.99,South
611,CUST0001,2025-09-03,Phone,Accessories,988.41,North
612,CUST0078,2025-09-04,Smartwatch,Accessories,1328.86,East
613,CUST0074,2025-09-05,Headphones,Accessories,200.45,West
614,CUST0054,2025-09-06,Laptop,Accessories,1097.37,East
615,CUST0111,2025-09-07,Phone,Accessories,386.06,West
616,CUST0149,2025-09-08,Laptop,Accessories,1773.28,West
617,CUST0156,2025-09-09,Laptop,Accessories,751.42,South
618,CUST0168,2025-09-10,Smartwatch,Accessories,902.64,North
619,CUST0083,2025-09-11,Phone,Accessories,541.33,North
620,CUST0120,2025-09-12,Headphones,Accessories,940.81,North
621,CUST0114,2025-09-13,Headphones,Electronics,467.96,East
622,CUST0114,2025-09-14,Headphones,Accessories,551.75,East
623,CUST0173,2025-09-15,Tablet,Accessories,142.05,East
624,CUST0055,2025-09-16,Phone,Electronics,1509.43,East
625,CUST0131,2025-09-17,Tablet,Accessories,1341.59,South
626,CUST0122,2025-09-18,Tablet,Accessories,189.7,South
627,CUST0189,2025-09-19,Tablet,Accessories,700.71,West
628,CUST0044,2025-09-20,Smartwatch,Electronics,1092.07,West
629,CUST0169,2025-09-21,Smartwatch,Electronics,1942.0,North
630,CUST0022,2025-09-22,Laptop,Electronics,1187.66,East
631,CUST0073,2025-09-23,Laptop,Electronics,1116.13,South
632,CUST0132,2025-09-24,Phone,Accessories,1684.78,West
633,CUST0170,2025-09-25,Phone,Accessories,1640.44,North
634,CUST0163,2025-09-26,Smartwatch,Accessories,848.89,North
635,CUST0159,2025-09-27,Laptop,Electronics,1080.32,East
636,CUST0086,2025-09-28,Laptop,Electronics,1736.45,East
637,CUST0024,2025-09-29,Tablet,Accessories,960.15,North
638,CUST0193,2025-09-30,Headphones,Electronics,1765.67,East
639,CUST0061,2025-10-01,Headphones,Accessories,963.0,East
640,CUST0173,2025-10-02,Headphones,Electronics,176.33,West
641,CUST0080,2025-10-03,Smartwatch,Accessories,1807.5,West
642,CUST0058,2025-10-04,Headphones,Accessories,1434.33,West
643,CUST0051,2025-10-05,Headphones,Accessories,1014.16,South
644,CUST0038,2025-10-06,Tablet,Accessories,1802.9,East
645,CUST0007,2025-10-07,Phone,Accessories,1604.89,West
646,CUST0012,2025-10-08,Smartwatch,Accessories,1361.52,West
647,CUST0063,2025-10-09,Laptop,Electronics,1248.14,North
648,CUST0122,2025-10-10,Tablet,Accessories,258.16,West
649,CUST0157,2025-10-11,Headphones,Electronics,1519.23,North
650,CUST0197,2025-10-12,Laptop,Electronics,362.3,East
651,CUST0019,2025-10-13,Tablet,Accessories,1969.05,North
652,CUST0117,2025-10-14,Smartwatch,Electronics,1944.89,West
653,CUST0107,2025-10-15,Headphones,Electronics,1620.75,South
654,CUST0162,2025-10-16,Smartwatch,Electronics,269.85,South
655,CUST0148,2025-10-17,Tablet,Electronics,858.28,East
656,CUST0050,2025-10-18,Laptop,Electronics,1976.79,West
657,CUST0184,2025-10-19,Phone,Electronics,882.08,East
658,CUST0179,2025-10-20,Headphones,Accessories,1994.59,North
659,CUST0099,2025-10-21,Smartwatch,Electronics,1261.91,East
660,CUST0127,2025-10-22,Laptop,Electronics,1671.53,South
661,CUST0103,2025-10-23,Laptop,Electronics,530.61,East
662,CUST0063,2025-10-24,Phone,Electronics,1823.39,North
663,CUST0038,2025-10-25,Tablet,Electronics,1830.06,West
664,CUST0168,2025-10-26,Phone,Electronics,152.68,East
665,CUST0177,2025-10-27,Phone,Accessories,788.44,North
666,CUST0002,2025-10-28,Tablet,Accessories,806.76,South
667,CUST0193,2025-10-29,Tablet,Electronics,665.73,West
668,CUST0198,2025-10-30,Tablet,Accessories,566.88,East
669,CUST0028,2025-10-31,Laptop,Accessories,927.15,East
670,CUST0200,2025-11-01,Laptop,Electronics,1749.46,South
671,CUST0109,2025-11-02,Headphones,Electronics,1577.37,East
672,CUST0057,2025-11-03,Headphones,Accessories,1253.65,South
673,CUST0046,2025-11-04,Phone,Electronics,1054.67,South
674,CUST0179,2025-11-05,Phone,Electronics,850.8,West
675,CUST0133,2025-11-06,Headphones,Accessories,840.6,South
676,CUST0119,2025-11-07,Smartwatch,Accessories,313.44,South
677,CUST0013,2025-11-08,Phone,Electronics,1184.11,South
678,CUST0143,2025-11-09,Smartwatch,Accessories,1521.59,East
679,CUST0064,2025-11-10,Smartwatch,Electronics,1880.51,South
680,CUST0032,2025-11-11,Tablet,Electronics,1851.36,South
681,CUST0117,2025-11-12,Laptop,Electronics,1134.11,South
682,CUST0035,2025-11-13,Headphones,Electronics,219.96,South
683,CUST0119,2025-11-14,Laptop,Electronics,586.46,East
684,CUST0171,2025-11-15,Headphones,Electronics,1080.55,South
685,CUST0136,2025-11-16,Laptop,Accessories,700.86,North
686,CUST0144,2025-11-17,Headphones,Accessories,833.56,North
687,CUST0153,2025-11-18,Laptop,Accessories,778.43,North
688,CUST0082,2025-11-19,Tablet,Accessories,981.46,West
689,CUST0194,2025-11-20,Smartwatch,Electronics,1225.75,North
690,CUST0114,2025-11-21,Headphones,Accessories,94.18,North
691,CUST0157,2025-11-22,Smartwatch,Accessories,565.32,West
692,CUST0185,2025-11-23,Headphones,Accessories,304.83,East
693,CUST0130,2025-11-24,Headphones,Electronics,1225.14,East
694,CUST0110,2025-11-25,Tablet,Electronics,1393.45,West
695,CUST0141,2025-11-26,Laptop,Accessories,96.79,East
696,CUST0115,2025-11-27,Headphones,Electronics,1781.36,West
697,CUST0041,2025-11-28,Laptop,Electronics,676.36,South
698,CUST0191,2025-11-29,Tablet,Electronics,490.41,East
699,CUST0122,2025-11-30,Phone,Accessories,1496.58,West
700,CUST0116,2025-12-01,Smartwatch,Accessories,1843.25,South
701,CUST0067,2025-12-02,Headphones,Accessories,1796.12,South
702,CUST0193,2025-12-03,Tablet,Accessories,60.06,North
703,CUST0064,2025-12-04,Laptop,Electronics,1638.42,West
704,CUST0164,2025-12-05,Headphones,Electronics,620.05,West
705,CUST0071,2025-12-06,Laptop,Electronics,575.09,North
706,CUST0197,2025-12-07,Phone,Electronics,993.41,East
707,CUST0200,2025-12-08,Headphones,Accessories,1398.44,West
708,CUST0134,2025-12-09,Smartwatch,Accessories,214.47,South
709,CUST0125,2025-12-10,Headphones,Accessories,1740.42,West
710,CUST0161,2025-12-11,Smartwatch,Electronics,286.08,North
711,CUST0062,2025-12-12,Laptop,Electronics,1948.95,West
712,CUST0071,2025-12-13,Headphones,Electronics,897.36,East
713,CUST0113,2025-12-14,Tablet,Electronics,1655.13,North
714,CUST0020,2025-12-15,Tablet,Accessories,553.45,North
715,CUST0183,2025-12-16,Phone,Accessories,845.21,South
716,CUST0074,2025-12-17,Tablet,Electronics,1298.2,West
717,CUST0061,2025-12-18,Phone,Electronics,392.11,North
718,CUST0070,2025-12-19,Laptop,Accessories,438.55,East
719,CUST0086,2025-12-20,Smartwatch,Electronics,1651.46,East
720,CUST0082,2025-12-21,Laptop,Electronics,1487.07,East
721,CUST0139,2025-12-22,Smartwatch,Accessories,1523.8,South
722,CUST0021,2025-12-23,Smartwatch,Electronics,1737.03,East
723,CUST0036,2025-12-24,Phone,Electronics,1645.61,South
724,CUST0039,2025-12-25,Tablet,Electronics,1040.23,East
725,CUST0060,2025-12-26,Tablet,Accessories,334.77,West
726,CUST0099,2025-12-27,Phone,Electronics,636.02,East
727,CUST0178,2025-12-28,Phone,Accessories,1023.45,East
728,CUST0040,2025-12-29,Laptop,Electronics,288.59,South
729,CUST0181,2025-12-30,Phone,Electronics,1705.56,West
730,CUST0055,2025-12-31,Tablet,Accessories,1761.08,West
731,CUST0017,2026-01-01,Phone,Accessories,77.32,South
732,CUST0107,2026-01-02,Phone,Accessories,401.67,West
733,CUST0105,2026-01-03,Smartwatch,Electronics,1669.2,East
734,CUST0085,2026-01-04,Phone,Electronics,1677.21,East
735,CUST0139,2026-01-05,Laptop,Accessories,513.99,West
736,CUST0120,2026-01-06,Phone,Electronics,923.77,East
737,CUST0107,2026-01-07,Headphones,Electronics,1837.7,West
738,CUST0016,2026-01-08,Headphones,Accessories,1415.18,South
739,CUST0053,2026-01-09,Smartwatch,Electronics,562.48,South
740,CUST0108,2026-01-10,Smartwatch,Electronics,1650.54,South
741,CUST0100,2026-01-11,Headphones,Accessories,1020.15,North
742,CUST0198,2026-01-12,Smartwatch,Accessories,1278.11,East
743,CUST0150,2026-01-13,Smartwatch,Accessories,265.27,South
744,CUST0179,2026-01-14,Tablet,Electronics,80.52,West
745,CUST0006,2026-01-15,Tablet,Accessories,757.48,West
746,CUST0196,2026-01-16,Phone,Accessories,1196.21,South
747,CUST0148,2026-01-17,Headphones,Accessories,371.62,South
748,CUST0098,2026-01-18,Laptop,Electronics,1743.55,South
749,CUST0123,2026-01-19,Headphones,Accessories,1182.02,West
750,CUST0002,2026-01-20,Headphones,Accessories,712.52,North
751,CUST0091,2026-01-21,Tablet,Accessories,343.76,South
752,CUST0077,2026-01-22,Tablet,Electronics,1791.09,West
753,CUST0193,2026-01-23,Smartwatch,Accessories,1502.94,West
754,CUST0100,2026-01-24,Laptop,Electronics,1383.92,South
755,CUST0108,2026-01-25,Tablet,Accessories,584.44,East
756,CUST0138,2026-01-26,Smartwatch,Electronics,785.4,West
757,CUST0192,2026-01-27,Laptop,Electronics,342.56,East
758,CUST0189,2026-01-28,Tablet,Electronics,1153.07,East
759,CUST0140,2026-01-29,Headphones,Accessories,1930.54,North
760,CUST0155,2026-01-30,Headphones,Electronics,1717.08,West
761,CUST0057,2026-01-31,Laptop,Accessories,1301.81,North
762,CUST0125,2026-02-01,Laptop,Electronics,1361.84,South
763,CUST0057,2026-02-02,Tablet,Accessories,552.79,North
764,CUST0070,2026-02-03,Tablet,Accessories,830.82,South
765,CUST0112,2026-02-04,Laptop,Accessories,59.7,East
766,CUST0125,2026-02-05,Laptop,Electronics,1565.0,West
767,CUST0008,2026-02-06,Smartwatch,Electronics,1539.79,North
768,CUST0100,2026-02-07,Smartwatch,Electronics,37.62,West
769,CUST0087,2026-02-08,Smartwatch,Accessories,1824.8,East
770,CUST0172,2026-02-09,Headphones,Accessories,1301.8,East
771,CUST0174,2026-02-10,Headphones,Accessories,1210.26,East
772,CUST0104,2026-02-11,Smartwatch,Accessories,36.76,East
773,CUST0186,2026-02-12,Smartwatch,Electronics,519.73,East
774,CUST0043,2026-02-13,Laptop,Electronics,1614.07,East
775,CUST0120,2026-02-14,Headphones,Electronics,624.81,North
776,CUST0033,2026-02-15,Smartwatch,Electronics,1934.71,West
777,CUST0160,2026-02-16,Phone,Accessories,1292.63,North
778,CUST0137,2026-02-17,Tablet,Accessories,859.14,East
779,CUST0007,2026-02-18,Smartwatch,Accessories,765.42,South
780,CUST0101,2026-02-19,Headphones,Electronics,710.44,South
781,CUST0152,2026-02-20,Smartwatch,Electronics,518.96,East
782,CUST0145,2026-02-21,Phone,Electronics,944.06,East
783,CUST0170,2026-02-22,Laptop,Accessories,1360.85,East
784,CUST0007,2026-02-23,Headphones,Electronics,1652.14,West
785,CUST0022,2026-02-24,Laptop,Accessories,806.36,West
786,CUST0165,2026-02-25,Tablet,Accessories,222.58,North
787,CUST0110,2026-02-26,Laptop,Electronics,1032.8,West
788,CUST0035,2026-02-27,Smartwatch,Accessories,1331.46,East
789,CUST0119,2026-02-28,Phone,Accessories,1689.7,West
790,CUST0047,2026-03-01,Laptop,Accessories,760.97,South
791,CUST0013,2026-03-02,Phone,Electronics,1301.74,South
792,CUST0067,2026-03-03,Headphones,Electronics,1225.92,East
793,CUST0098,2026-03-04,Headphones,Electronics,610.98,West
794,CUST0084,2026-03-05,Smartwatch,Accessories,234.05,West
795,CUST0055,2026-03-06,Smartwatch,Electronics,146.4,North
796,CUST0117,2026-03-07,Smartwatch,Electronics,1976.95,North
797,CUST0084,2026-03-08,Phone,Accessories,1288.38,South
798,CUST0087,2026-03-09,Tablet,Accessories,1725.75,East
799,CUST0195,2026-03-10,Tablet,Accessories,537.07,South
800,CUST0098,2026-03-11,Tablet,Accessories,1427.97,East
801,CUST0072,2026-03-12,Headphones,Electronics,1786.9,East
802,CUST0193,2026-03-13,Headphones,Electronics,611.61,East
803,CUST0108,2026-03-14,Tablet,Electronics,316.86,East
804,CUST0065,2026-03-15,Smartwatch,Accessories,1535.64,West
805,CUST0021,2026-03-16,Laptop,Accessories,1801.38,East
806,CUST0121,2026-03-17,Tablet,Accessories,1614.75,West
807,CUST0005,2026-03-18,Laptop,Accessories,1608.68,East
808,CUST0192,2026-03-19,Tablet,Accessories,1208.07,West
809,CUST0139,2026-03-20,Laptop,Electronics,1327.85,West
810,CUST0014,2026-03-21,Smartwatch,Accessories,1367.9,South
811,CUST0090,2026-03-22,Headphones,Accessories,1448.14,South
812,CUST0058,2026-03-23,Tablet,Electronics,1317.69,North
813,CUST0167,2026-03-24,Tablet,Accessories,1994.99,South
814,CUST0018,2026-03-25,Smartwatch,Electronics,533.66,South
815,CUST0200,2026-03-26,Phone,Accessories,848.76,East
816,CUST0167,2026-03-27,Tablet,Electronics,788.78,North
817,CUST0011,2026-03-28,Laptop,Electronics,89.93,South
818,CUST0194,2026-03-29,Smartwatch,Accessories,1421.98,South
819,CUST0008,2026-03-30,Phone,Electronics,1152.64,West
820,CUST0064,2026-03-31,Tablet,Accessories,396.03,North
821,CUST0052,2026-04-01,Tablet,Accessories,1458.57,North
822,CUST0006,2026-04-02,Headphones,Accessories,460.28,North
823,CUST0160,2026-04-03,Phone,Accessories,1078.58,West
824,CUST0040,2026-04-04,Smartwatch,Accessories,1574.1,North
825,CUST0062,2026-04-05,Laptop,Accessories,1814.92,North
826,CUST0033,2026-04-06,Tablet,Accessories,1350.3,West
827,CUST0122,2026-04-07,Smartwatch,Electronics,1024.48,North
828,CUST0172,2026-04-08,Headphones,Accessories,1693.93,North
829,CUST0030,2026-04-09,Tablet,Accessories,1684.46,East
830,CUST0145,2026-04-10,Phone,Electronics,1755.46,South
831,CUST0056,2026-04-11,Smartwatch,Accessories,378.65,North
832,CUST0120,2026-04-12,Laptop,Accessories,213.25,West
833,CUST0180,2026-04-13,Headphones,Electronics,273.33,East
834,CUST0066,2026-04-14,Smartwatch,Accessories,532.13,South
835,CUST0197,2026-04-15,Tablet,Accessories,1620.52,South
836,CUST0095,2026-04-16,Laptop,Accessories,1530.58,East
837,CUST0043,2026-04-17,Tablet,Accessories,382.48,West
838,CUST0156,2026-04-18,Tablet,Electronics,1365.83,South
839,CUST0156,2026-04-19,Phone,Accessories,684.55,South
840,CUST0192,2026-04-20,Phone,Accessories,196.81,South
841,CUST0184,2026-04-21,Tablet,Accessories,723.46,North
842,CUST0030,2026-04-22,Headphones,Accessories,1493.54,North
843,CUST0200,2026-04-23,Phone,Accessories,628.03,East
844,CUST0042,2026-04-24,Phone,Electronics,1580.42,East
845,CUST0080,2026-04-25,Phone,Electronics,676.01,West
846,CUST0028,2026-04-26,Phone,Electronics,535.91,West
847,CUST0149,2026-04-27,Laptop,Electronics,602.22,East
848,CUST0007,2026-04-28,Tablet,Accessories,1705.4,West
849,CUST0080,2026-04-29,Laptop,Electronics,951.66,South
850,CUST0148,2026-04-30,Smartwatch,Accessories,1735.46,South
851,CUST0174,2026-05-01,Smartwatch,Accessories,1175.48,West
852,CUST0097,2026-05-02,Smartwatch,Electronics,1889.72,West
853,CUST0102,2026-05-03,Laptop,Accessories,161.01,East
854,CUST0184,2026-05-04,Tablet,Accessories,1781.06,East
855,CUST0051,2026-05-05,Smartwatch,Electronics,1010.95,West
856,CUST0020,2026-05-06,Phone,Accessories,1737.65,South
857,CUST0152,2026-05-07,Smartwatch,Electronics,775.71,North
858,CUST0177,2026-05-08,Headphones,Accessories,610.74,West
859,CUST0161,2026-05-09,Phone,Electronics,127.04,East
860,CUST0063,2026-05-10,Phone,Accessories,1711.39,East
861,CUST0027,2026-05-11,Phone,Accessories,291.98,West
862,CUST0179,2026-05-12,Smartwatch,Electronics,416.59,East
863,CUST0198,2026-05-13,Phone,Accessories,830.2,South
864,CUST0078,2026-05-14,Headphones,Accessories,1147.42,East
865,CUST0176,2026-05-15,Laptop,Accessories,1815.11,North
866,CUST0154,2026-05-16,Headphones,Accessories,925.99,North
867,CUST0031,2026-05-17,Tablet,Electronics,646.44,South
868,CUST0145,2026-05-18,Phone,Accessories,1437.02,East
869,CUST0011,2026-05-19,Headphones,Electronics,1562.3,East
870,CUST0089,2026-05-20,Smartwatch,Electronics,985.41,West
871,CUST0137,2026-05-21,Tablet,Electronics,1269.44,North
872,CUST0110,2026-05-22,Headphones,Accessories,370.11,West
873,CUST0170,2026-05-23,Phone,Electronics,1276.31,West
874,CUST0095,2026-05-24,Smartwatch,Electronics,29.33,East
875,CUST0018,2026-05-25,Phone,Accessories,561.59,North
876,CUST0130,2026-05-26,Tablet,Accessories,1527.16,West
877,CUST0166,2026-05-27,Headphones,Accessories,353.84,East
878,CUST0088,2026-05-28,Phone,Electronics,1533.68,South
879,CUST0004,2026-05-29,Tablet,Electronics,989.36,North
880,CUST0108,2026-05-30,Smartwatch,Electronics,1531.87,East
881,CUST0126,2026-05-31,Headphones,Accessories,194.32,South
882,CUST0028,2026-06-01,Headphones,Electronics,1236.67,West
883,CUST0111,2026-06-02,Tablet,Electronics,1274.31,West
884,CUST0093,2026-06-03,Headphones,Accessories,818.72,West
885,CUST0163,2026-06-04,Smartwatch,Accessories,1931.35,South
886,CUST0118,2026-06-05,Smartwatch,Accessories,778.97,South
887,CUST0182,2026-06-06,Headphones,Accessories,94.7,West
888,CUST0040,2026-06-07,Phone,Electronics,414.84,West
889,CUST0112,2026-06-08,Phone,Accessories,758.74,South
890,CUST0046,2026-06-09,Smartwatch,Electronics,47.87,East
891,CUST0188,2026-06-10,Phone,Accessories,657.98,North
892,CUST0134,2026-06-11,Tablet,Electronics,1669.79,West
893,CUST0167,2026-06-12,Laptop,Accessories,397.34,South
894,CUST0070,2026-06-13,Headphones,Accessories,1359.96,East
895,CUST0158,2026-06-14,Tablet,Electronics,1260.84,East
896,CUST0138,2026-06-15,Smartwatch,Electronics,512.67,East
897,CUST0199,2026-06-16,Laptop,Electronics,1393.18,West
898,CUST0124,2026-06-17,Smartwatch,Accessories,701.81,South
899,CUST0120,2026-06-18,Laptop,Accessories,275.28,North
900,CUST0112,2026-06-19,Tablet,Accessories,779.43,South
901,CUST0188,2026-06-20,Laptop,Accessories,1185.57,South
902,CUST0152,2026-06-21,Phone,Electronics,350.7,East
903,CUST0069,2026-06-22,Tablet,Accessories,1651.21,North
904,CUST0083,2026-06-23,Headphones,Accessories,610.44,West
905,CUST0063,2026-06-24,Smartwatch,Accessories,595.84,West
906,CUST0023,2026-06-25,Phone,Electronics,1461.11,East
907,CUST0072,2026-06-26,Headphones,Accessories,1200.81,West
908,CUST0116,2026-06-27,Laptop,Accessories,688.91,South
909,CUST0063,2026-06-28,Phone,Accessories,1778.19,East
910,CUST0193,2026-06-29,Headphones,Electronics,1991.04,North
911,CUST0119,2026-06-30,Tablet,Accessories,698.61,South
912,CUST0146,2026-07-01,Laptop,Electronics,1804.74,North
913,CUST0157,2026-07-02,Headphones,Electronics,731.32,North
914,CUST0172,2026-07-03,Laptop,Electronics,393.08,South
915,CUST0098,2026-07-04,Headphones,Accessories,1897.21,North
916,CUST0087,2026-07-05,Smartwatch,Electronics,1838.05,East
917,CUST0008,2026-07-06,Tablet,Electronics,818.72,East
918,CUST0127,2026-07-07,Phone,Electronics,472.27,South
919,CUST0084,2026-07-08,Headphones,Electronics,1459.79,West
920,CUST0047,2026-07-09,Laptop,Electronics,279.79,North
921,CUST0125,2026-07-10,Tablet,Accessories,1473.47,South
922,CUST0055,2026-07-11,Phone,Accessories,1187.59,North
923,CUST0091,2026-07-12,Laptop,Accessories,354.59,South
924,CUST0067,2026-07-13,Tablet,Electronics,745.85,North
925,CUST0088,2026-07-14,Laptop,Accessories,1308.07,West
926,CUST0072,2026-07-15,Tablet,Electronics,93.98,South
927,CUST0153,2026-07-16,Phone,Electronics,1755.56,East
928,CUST0180,2026-07-17,Phone,Accessories,526.46,West
929,CUST0071,2026-07-18,Laptop,Accessories,1078.77,East
930,CUST0143,2026-07-19,Tablet,Electronics,116.2,West
931,CUST0003,2026-07-20,Headphones,Electronics,1989.47,East
932,CUST0133,2026-07-21,Phone,Accessories,1330.7,West
933,CUST0049,2026-07-22,Headphones,Accessories,1314.06,North
934,CUST0022,2026-07-23,Headphones,Accessories,59.09,East
935,CUST0062,2026-07-24,Smartwatch,Electronics,1385.7,North
936,CUST0185,2026-07-25,Laptop,Electronics,845.22,South
937,CUST0105,2026-07-26,Laptop,Electronics,772.9,North
938,CUST0126,2026-07-27,Laptop,Accessories,1103.62,East
939,CUST0143,2026-07-28,Tablet,Electronics,959.3,West
940,CUST0195,2026-07-29,Phone,Electronics,323.19,North
941,CUST0062,2026-07-30,Phone,Electronics,1396.48,West
942,CUST0177,2026-07-31,Smartwatch,Accessories,1268.02,South
943,CUST0122,2026-08-01,Smartwatch,Accessories,616.21,South
944,CUST0166,2026-08-02,Smartwatch,Electronics,1330.1,East
945,CUST0183,2026-08-03,Headphones,Accessories,1331.72,West
946,CUST0126,2026-08-04,Laptop,Electronics,554.55,North
947,CUST0115,2026-08-05,Tablet,Accessories,1219.16,North
948,CUST0005,2026-08-06,Phone,Accessories,291.58,South
949,CUST0024,2026-08-07,Tablet,Accessories,1664.69,West
950,CUST0076,2026-08-08,Laptop,Accessories,227.73,West
951,CUST0057,2026-08-09,Laptop,Accessories,1443.16,South
952,CUST0104,2026-08-10,Phone,Electronics,253.11,North
953,CUST0178,2026-08-11,Headphones,Accessories,245.74,South
954,CUST0063,2026-08-12,Smartwatch,Accessories,230.4,West
955,CUST0079,2026-08-13,Headphones,Accessories,413.32,North
956,CUST0170,2026-08-14,Laptop,Electronics,415.5,South
957,CUST0149,2026-08-15,Laptop,Accessories,540.73,West
958,CUST0095,2026-08-16,Headphones,Electronics,1055.83,West
959,CUST0122,2026-08-17,Smartwatch,Electronics,419.31,East
960,CUST0142,2026-08-18,Smartwatch,Accessories,1412.8,East
961,CUST0136,2026-08-19,Laptop,Electronics,604.8,South
962,CUST0089,2026-08-20,Smartwatch,Electronics,98.02,North
963,CUST0109,2026-08-21,Smartwatch,Accessories,1002.78,North
964,CUST0191,2026-08-22,Phone,Electronics,431.23,East
965,CUST0141,2026-08-23,Phone,Electronics,1867.59,West
966,CUST0085,2026-08-24,Tablet,Accessories,674.6,East
967,CUST0091,2026-08-25,Headphones,Electronics,25.42,South
968,CUST0180,2026-08-26,Laptop,Accessories,1349.83,East
969,CUST0117,2026-08-27,Smartwatch,Accessories,1815.62,North
970,CUST0070,2026-08-28,Tablet,Electronics,1673.76,South
971,CUST0079,2026-08-29,Phone,Accessories,1344.66,North
972,CUST0065,2026-08-30,Smartwatch,Accessories,315.31,South
973,CUST0060,2026-08-31,Headphones,Electronics,198.36,West
974,CUST0031,2026-09-01,Phone,Accessories,1033.18,East
975,CUST0185,2026-09-02,Laptop,Electronics,1452.66,North
976,CUST0050,2026-09-03,Smartwatch,Electronics,220.56,South
977,CUST0081,2026-09-04,Tablet,Accessories,526.67,East
978,CUST0031,2026-09-05,Laptop,Accessories,477.7,North
979,CUST0191,2026-09-06,Smartwatch,Electronics,1977.56,West
980,CUST0138,2026-09-07,Smartwatch,Electronics,606.12,South
981,CUST0196,2026-09-08,Smartwatch,Accessories,939.27,North
982,CUST0177,2026-09-09,Smartwatch,Accessories,217.62,North
983,CUST0048,2026-09-10,Smartwatch,Electronics,365.91,West
984,CUST0050,2026-09-11,Laptop,Accessories,98.1,South
985,CUST0056,2026-09-12,Headphones,Electronics,595.32,East
986,CUST0190,2026-09-13,Headphones,Accessories,1607.16,North
987,CUST0124,2026-09-14,Laptop,Electronics,639.16,South
988,CUST0071,2026-09-15,Headphones,Electronics,1482.31,South
989,CUST0186,2026-09-16,Tablet,Accessories,208.1,West
990,CUST0151,2026-09-17,Tablet,Accessories,1521.24,North
991,CUST0195,2026-09-18,Laptop,Accessories,110.86,East
992,CUST0135,2026-09-19,Tablet,Accessories,1706.96,North
993,CUST0153,2026-09-20,Laptop,Accessories,1333.44,North
994,CUST0073,2026-09-21,Tablet,Accessories,357.61,East
995,CUST0026,2026-09-22,Phone,Accessories,727.9,South
996,CUST0050,2026-09-23,Laptop,Electronics,886.67,North
997,CUST0076,2026-09-24,Smartwatch,Electronics,1251.18,South
998,CUST0059,2026-09-25,Tablet,Electronics,1759.38,West
999,CUST0093,2026-09-26,Phone,Electronics,204.04,South
